<?xml version="1.0" encoding="UTF-8"?>
<project-private xmlns="http://www.netbeans.org/ns/project-private/1">
    <editor-bookmarks xmlns="http://www.netbeans.org/ns/editor-bookmarks/2" lastBookmarkId="0"/>
    <open-files xmlns="http://www.netbeans.org/ns/projectui-open-files/2">
        <group>
            <file>file:/C:/Users/Stefan/Documents/School/semester_3/JSF/uitwerkingen/week%206/JSF31KochFractalFX_v2_Threadpool/src/calculate/KochManager.java</file>
            <file>file:/C:/Users/Stefan/Documents/School/semester_3/JSF/uitwerkingen/week%206/JSF31KochFractalFX_v2_Threadpool/src/jsf31kochfractalfx/JSF31KochFractalFX.java</file>
            <file>file:/C:/Users/Stefan/Documents/School/semester_3/JSF/uitwerkingen/week%206/JSF31KochFractalFX_v2_Threadpool/src/ThreadManagement/EdgeGenerator.java</file>
        </group>
    </open-files>
</project-private>
